Vincent,455
Wade,456
Walker,457
Wall,458
Wallace,459
Wallis,460
Walsh,461
Walters,462
Walton,463
Ward,464
Warner,465
Warren,466
Waters,467
Watkins,468
Watson,469
Watts,470
Webb,471
Webster,472
Welch,473
Wells,474
West,475
Weston,476
Wheeler,477
White,478
Whitehead,479
Whitehouse,480
Whittaker,481
Wilkins,482
Wilkinson,483
Williams,484
Williamson,485
Willis,486
Wilson,487
Winter,488
Wong,489
Wood,490
Woods,491
Woodward,492
Wright,493
Wyatt,494
Yates,495
Young,496
Short,414
Simmons,415
Simpson,416
Sims,417
Sinclair,418
Singh,419
Skinner,420
Slater,421
Smart,422
Smith,423
Spencer,424
Stanley,425
Steele,426
Stephens,427
Stephenson,428
Stevens,429
Stevenson,430
Stewart,431
Stokes,432
Stone,433
Storey,434
Sullivan,435
Summers,436
Sutton,437
Swift,438
Sykes,439
Talbot,440
Taylor,441
Thomas,442
Thompson,443
Thomson,444
Thornton,445
Thorpe,446
Todd,447
Tomlinson,448
Townsend,449
Tucker,450
Turnbull,451
Turner,452
Tyler,453
Vaughan,454
Abbott,-3
Adams,-2
Ahmed,-1
Akhtar,497
Alexander,1
Ali,2
Allan,3
Allen,4
Anderson,5
Andrews,6
Archer,7
Armstrong,8
Arnold,9
Ashton,10
Atkins,11
Atkinson,12
Austin,13
Bailey,14
Baker,15
Baldwin,16
Ball,17
Banks,18
Barber,19
Barker,20
Barlow,21
Barnes,22
Barnett,23
Barrett,24
Barry,25
Bartlett,26
Barton,27
Bates,28
Baxter,29
Begum,30
Bell,31
Bennett,32
Benson,33
Bentley,34
Berry,35
Bevan,36
Bibi,37
Birch,38
Bird,39
Bishop,40
Black,41
Blackburn,42
Blake,43
Bolton,44
Bond,45
Booth,46
Bowen,47
Boyle,48
Bradley,49
Bradshaw,50
Brady,51
Bray,52
Brennan,53
Briggs,54
Brookes,55
Brooks,56
Brown,57
Browne,58
Bruce,59
Bryan,60
Bryant,61
Buckley,62
Bull,63
Burgess,64
Burke,65
Burns,66
Burrows,67
Burton,68
Butcher,69
Butler,70
Byrne,71
Cameron,72
Campbell,73
Carey,74
Carpenter,75
Carr,76
Carroll,77
Carter,78
Cartwright,79
Chadwick,80
Chamberlain,81
Chambers,82
Chan,83
Chandler,84
Chapman,85
Charlton,86
Clark,87
Clarke,88
Clayton,89
Clements,90
Coates,91
Cole,92
Coleman,93
Coles,94
Collier,95
Collins,96
Connolly,97
Connor,98
Conway,99
Cook,100
Cooke,101
Cooper,102
Cox,103
Craig,104
Crawford,105
Cross,106
Cunningham,107
Curtis,108
Dale,109
Daly,110
Daniels,111
Davey,112
Davidson,113
Davies,114
Davis,115
Davison,116
Dawson,117
Day,118
Dean,119
Dennis,120
Dickinson,121
Dixon,122
Dobson,123
Dodd,124
Doherty,125
Donnelly,126
Douglas,127
Doyle,128
Duffy,129
Duncan,130
Dunn,131
Dyer,132
Edwards,133
Elliott,134
Ellis,135
Evans,136
Farmer,137
Farrell,138
Faulkner,139
Ferguson,140
Field,141
Finch,142
Fisher,143
Fitzgerald,144
Fleming,145
Fletcher,146
Flynn,147
Ford,148
Forster,149
Foster,150
Fowler,151
Fox,152
Francis,153
Franklin,154
Fraser,155
Freeman,156
French,157
Frost,158
Fry,159
Fuller,160
Gallagher,161
Gardiner,162
Gardner,163
Garner,164
George,165
Gibbons,166
Gibbs,167
Gibson,168
Gilbert,169
Giles,170
Gill,171
Glover,172
Goddard,173
Godfrey,174
Goodwin,175
Gordon,176
Gough,177
Gould,178
Graham,179
Grant,180
Gray,181
Green,182
Greenwood,183
Gregory,184
Griffin,185
Griffiths,186
Hale,187
Hall,188
Hamilton,189
Hammond,190
Hancock,191
Hanson,192
Harding,193
Hardy,194
Hargreaves,195
Harper,196
Harris,197
Harrison,198
Hart,199
Hartley,200
Harvey,201
Hawkins,202
Hayes,203
Haynes,204
Hayward,205
Heath,206
Henderson,207
Henry,208
Herbert,209
Hewitt,210
Hicks,211
Higgins,212
Hill,213
Hilton,214
Hobbs,215
Hodgson,216
Holden,217
Holland,218
Holloway,219
Holmes,220
Holt,221
Hooper,222
Hope,223
Hopkins,224
Horton,225
Houghton,226
Howard,227
Howarth,228
Howe,229
Howell,230
Howells,231
Hudson,232
Hughes,233
Humphreys,234
Humphries,235
Hunt,236
Hunter,237
Hurst,238
Hussain,239
Hutchinson,240
Hyde,241
Ingram,242
Iqbal,243
Jackson,244
James,245
Jarvis,246
Jenkins,247
Jennings,248
John,249
Johnson,250
Johnston,251
Jones,252
Jordan,253
Joyce,254
Kaur,255
Kay,256
Kelly,257
Kemp,258
Kennedy,259
Kent,260
Kerr,261
Khan,262
King,263
Kirby,264
Kirk,265
Knight,266
Knowles,267
Lamb,268
Lambert,269
Lane,270
Law,271
Lawrence,272
Lawson,273
Leach,274
Lee,275
Lees,276
Leonard,277
Lewis,278
Little,279
Lloyd,280
Long,281
Lord,282
Lowe,283
Lucas,284
Lynch,285
Lyons,286
Macdonald,287
Mahmood,288
Mann,289
Manning,290
Marsden,291
Marsh,292
Marshall,293
Martin,294
Mason,295
Matthews,296
May,297
McCarthy,298
McDonald,299
McKenzie,300
McLean,301
Mellor,302
Metcalfe,303
Miah,304
Middleton,305
Miles,306
Miller,307
Mills,308
Mistry,309
Mitchell,310
Moore,311
Moran,312
Morgan,313
Morley,314
Morris,315
Morrison,316
Morton,317
Moss,318
Murphy,319
Murray,320
Myers,321
Nash,322
Naylor,323
Nelson,324
Newman,325
Newton,326
Nicholls,327
Nicholson,328
Nixon,329
Noble,330
Nolan,331
Norman,332
Norris,333
North,334
Norton,335
O'Brien,336
O'Connor,337
O'Donnell,338
O'Neill,339
O'Sullivan,340
Oliver,341
Osborne,342
Owen,343
Owens,344
Page,345
Palmer,346
Parker,347
Parkes,348
Parkin,349
Parkinson,350
Parry,351
Parsons,352
Patel,353
Patterson,354
Payne,355
Peacock,356
Pearce,357
Pearson,358
Perkins,359
Perry,360
Peters,361
Phillips,362
Pickering,363
Pollard,364
Poole,365
Pope,366
Porter,367
Potter,368
Potts,369
Powell,370
Power,371
Pratt,372
Preston,373
Price,374
Pritchard,375
Pugh,376
Quinn,377
Rahman,378
Randall,379
Read,380
Reed,381
Rees,382
Reeves,383
Reid,384
Reynolds,385
Rhodes,386
Rice,387
Richards,388
Richardson,389
Riley,390
Roberts,391
Robertson,392
Robinson,393
Robson,394
Rogers,395
Rose,396
Ross,397
Rowe,398
Rowley,399
Russell,400
Ryan,401
Sanders,402
Sanderson,403
Saunders,404
Savage,405
Schofield,406
Scott,407
Shah,408
Sharp,409
Sharpe,410
Shaw,411
Shepherd,412
Sheppard,413